P22303,AD
Q99536,AD
Q9HBM1,AD
P04114,AD
Q9UK05,AD
Q9UQ80,AD
P17812,AD
Q8TCD5,AD
O76003,AD
A6NDG6,AD
O15144,AD
P25398,AD
P01024,AD
P13716,AD
P48643,AD
Q9NQW7,AD
Q96E17,AD
Q99719,AD
P54578,AD
P09104,AD
O60256,AD
Q9NRX4,AD
P10253,AD
Q96BM9,AD
O76071,AD
Q86VP6,AD
Q06124,AD
Q5QJ74,AD
P22314,AD
Q6UXK5,AD
O00161,AD
O00764,AD
P07741,AD
P00568,AD
Q9H4F8,AD
O43488,AD
P21589,AD
O60701,AD
Q96F85,AD
O60506,AD
Q16619,AD
P17181,AD
P63302,AD
Q8N554,AD
P24752,AD
O00469,AD
P51148,AD
Q5VWW1,AD
P19876,AD
Q9H4G4,AD
Q9BWD1,AD
P07093,AD
Q07817,AD
P23588,AD
Q92930,AD
P28838,AD
Q9Y4E8,AD
P61018,AD
Q13093,AD
Q14974,AD
Q16549,AD
O95399,AD
P15153,AD
Q06830,AD
P55263,AD
P14868,AD
P58400,AD
P24941,AD
P11021,AD
O60739,AD
Q9Y646,AD
P51668|P0CG47,AD
P36888,AD
P0CG48,AD
Q99729,AD
Q6PUV4,AD
P48736,AD
Q9UMF0,AD
Q96KN2,AD
Q9NS86,AD
P30041,AD
Q15102,AD
P11586,AD
Q9H0T7,AD
Q9HB40,AD
O75874,AD
Q96AT9,AD
Q8NEQ5,AD
P43359,AD
Q9NQU5,AD
Q9NWX6,AD
P01023,AD
Q9NR31,AD
Q6P1N9,AD
Q9C0B1,AD
P63244,AD
Q13765,AD
P34896,AD
O94903,AD
O43765,AD
P48507,AD
P00505,AD
Q9Y2S2,AD
Q96KP4,AD
P04406,AD
P45378,AD
O95861,AD
P28698,AD
Q99614,AD
P02775,AD
P46108,AD
P50570,AD
Q6UWT4,AD
O14832,AD
Q9Y570,AD
O43813,AD
Q2MKA7,AD
Q02413,AD
O95998,AD
P60953,AD
Q99873,AD
O15305,AD
P05408,AD
Q8WVJ2,AD
Q15366,AD
P42229,AD
P54826,AD
O75355,AD
P24864,AD
P07384|P04632,AD
P01127,AD
O75144,AD
P08697,AD
Q13287,AD
Q00796,AD
P05121,AD
P01303,AD
A0AVT1,AD
Q13884,AD
P61077|P0CG47,AD
P51812,AD
Q9Y2T7,AD
Q96LA6,AD
Q6UWI4,AD
P14314,AD
O14921,AD
P09429,AD
P05154,AD
Q9UJ37,AD
Q8IX19,AD
P00352,AD
P63279,AD
O95684,AD
Q9UNZ2,AD
Q9ULC3,AD
Q8NFR9,AD
Q9Y4Z0,AD
O60610,AD
Q9H479,AD
Q96NA2,AD
Q7Z7B7,AD
P30153,AD
P03973,AD
Q9H4A5,AD
Q9GZM7,AD
Q3ZCW2,AD
P00813,AD
P10997,AD
Q9BTX7,AD
P53004,AD
O00442,AD
P61960,AD
Q9NPA1,AD
Q05086,AD
P98066,AD
O95168,AD
Q13485,AD
Q9HCB6,AD
O15263,AD
P14618,AD
Q6GMV3,AD
P30086,AD
P19957,AD
Q9UIE0,AD
P30048,AD
P20073,AD
Q8IWL3,AD
P20339,AD
Q8N0Y7,AD
P48058,AD
P46060,AD
P02776,AD
O75915,AD
Q06609,AD
Q99727,AD
Q8N6G6,AD
P22003,AD
Q9UFW8,AD
P10809,AD
Q15056,AD
Q9BUD6,AD
O75347,AD
P17612,AD
Q99717,AD
P61457,AD
P13929,AD
P23560,AD
Q01973,AD
O60218,AD
P30043,AD
Q8NBZ7,AD
O75351,AD
Q8NFH5,AD
Q9BUL9,AD
Q05048,AD
Q8N695,AD
A2CJ06,AD
Q16875,AD
Q9UH65,AD
Q14314,AD
Q6ZMJ2,AD
O94813,AD
Q13637,AD
O94933,AD
P23919,AD
P06733,AD
Q9H5V8,AD
Q9NP97,AD
P28332,AD
O00292,AD
Q96IY1,AD
P16118,AD
P36404,AD
P30405,AD
Q13546,AD
P40763,AD
P04085,AD
P49915,AD
P17980,AD
O14960,AD
Q9H1K6,AD
Q08209|P63098,AD
Q6JBY9,AD
Q9BZE9,AD
P51671,AD
P29692,AD
P01213,AD
Q96PP8,AD
Q15819,AD
P07738,AD
P05067,AD
Q15036,AD
Q01658,AD
P00338,AD
P13500,AD
Q96AG4,AD
P07357|P07358|P07360,AD
P29144,AD
O43665,AD
P0DMM9,AD
P51149,AD
P07203,AD
Q9Y243,AD
P62826,AD
Q96L93,AD
Q99075,AD
P54760,AD
Q9UN37,AD
Q01995,AD
Q9H347,AD
P46379,AD
O60684,AD
Q9Y3B8,AD
P49593,AD
Q9UKV8,AD
Q9H4E7,AD
P61020,AD
P07996,AD
P58215,AD
P42336|P27986,AD
P42574,AD
P46777,AD
Q8N386,AD
P30613,AD
Q5H9L2,AD
O00560,AD
Q8WV48,AD
Q9Y5E7,AD
P54920,AD
Q8NCW0,AD
O15258,AD
P00491,AD
P19021,AD
Q15646,AD
Q92993,AD
O00300,AD
P05186,AD
Q9NQR4,AD
Q16719,AD
Q8N142,AD
Q15365,AD
P0C0S8,AD
Q14005,AD
Q9Y3X0,AD
P08133,AD
P35558,AD
Q6P587,AD
Q9UBP8,AD
Q8TDX7,AD
Q9UBV7,AD
P10451,AD
Q9GZZ1,AD
Q9H900,AD
P22307,AD
Q14515,AD
P49336|P24863,AD
P06703,AD
P04424,AD
Q16698,AD
P10721,AD
Q15814,AD
Q9BU40,AD
P04040,AD
Q9UK00,AD
O76070,AD
Q9UL46,AD
Q96FN9,AD
Q13163,AD
Q96FI4,AD
O43865,AD
Q8WUM4,AD
Q8IXM2,AD
Q16661,AD
Q9BYP7,AD
O60613,AD
Q8WW12,AD
Q01581,AD
O00253,AD
Q99714,AD
P50395,AD
Q9NTK5,AD
Q5R372,AD
P30304,AD
Q9Y625,AD
Q9H114,AD
P15814,AD
Q9NVG8,AD
Q14469,AD
P07196,AD
Q9H6X2,AD
Q9Y663,AD
P05090,AD
O43447,AD
Q8TAT6,AD
Q99519,AD
P63000,AD
P08397,AD
O95433,AD
Q9H204,AD
P25685,AD
O43399,AD
P15056,AD
A6NH11,AD
P11216,AD
P20273,AD
Q12778,AD
Q9UH92,AD
O95747,AD
Q9Y287,AD
P06307,AD
P16284,AD
Q9UDY4,AD
Q8N6T7,AD
Q5VTT5,AD
P49327,AD
P17676,AD
Q9NX08,AD
P40306,AD
Q6ZN66,AD
O14867,AD
Q9Y4X1,AD
P10912,AD
Q9UBS3,AD
O14818,AD
Q96KJ9,AD
Q8N1Q1,AD
Q92769,AD
P30626,AD
Q96G74,AD
Q8IUR7,AD
P49407,AD
Q53HC0,AD
Q7Z4W1,AD
Q16775,AD
Q9BZM1,AD
Q9NR45,AD
Q9NRA1,AD
P60568,AD
Q99497,AD
P58335,AD
Q96H20,AD
Q8IW00,AD
Q9H299,AD
Q14914,AD
Q13310,AD
P42768,AD
Q9BVM2,AD
P40121,AD
Q9Y5S2,AD
Q9UBS4,AD
Q6NT52,AD
Q14554,AD
Q86UX7,AD
Q9H0Q3,AD
O75390,AD
Q99584,AD
Q99828,AD
Q16774,AD
Q9NRS6,AD
Q99816,AD
Q9NRW1,AD
Q9HC16,AD
Q9P021,AD
Q6JVE6,AD
P61088|Q15819,AD
Q5TDH0,AD
P12931,AD
Q06136,AD
Q9BW71,AD
Q9BQI0,AD
Q01974,AD
P50579,AD
P31939,AD
Q9BYC5,AD
Q9GZQ8,AD
P34897,AD
Q9UKP3,AD
P29459|Q14213,AD
Q9BTE7,AD
P24844,AD
P18065,AD
Q9HCR9,AD
Q8NFB2,AD
Q8TCF1,AD
P21246,AD
Q9Y639,AD
O75843,AD
P54252,AD
A6NEK1,AD
Q9BY41,AD
P49757,AD
P10645,AD
O15492,AD
Q7Z5W3,AD
Q9UQ53,AD
P62993,AD
O75368,AD
Q9Y3C8,AD
Q08257,AD
P08476|P55103,AD
P43155,AD
P43487,AD
P52848,AD
P09417,AD
P98155,AD
O95067,AD
Q8IYR6,AD
Q96FL9,AD
P40925,AD
O43155,AD
P43026,AD
Q5TA89,AD
P39900,AD
Q9UBV8,AD
P21781,AD
Q9NNX6,AD
P43490,AD
Q9NTX5,AD
P61970,AD
P52209,AD
P35080,AD
P55809,AD
P41240,AD
O43687,AD
Q9H9E1,AD
P16619,AD
Q15257,AD
Q08999,AD
Q8N5P1,AD
P08243,AD
A6NGB7,AD
Q9BT09,AD
Q9HBE4,AD
P60763,AD
P61758,AD
Q8NFU3,AD
Q96S95,AD
Q99542,AD
Q96GD4,AD
P05111|P08476,AD
Q15796,AD
Q15797,AD
Q9NQ66,AD
O95139,AD
Q0VAA2,AD
Q6UXI7,AD
O15123,AD
Q9NR46,AD
O43768,AD
Q13418,AD
Q02790,AD
Q92551,AD
P06756|P05106,AD
P78318,AD
P25325,AD
P19367,AD
Q15004,AD
O75356,AD
Q9NT68,AD
P41227,AD
P39656,AD
Q6PID6,AD
O15394,AD
Q9H0R4,AD
Q06828,AD
P00326,AD
O14602,AD
P62308,AD
Q04912,AD
P09467,AD
P05452,AD
Q9Y696,AD
P60174,AD
P49748,AD
Q9UKK9,AD
P00492,AD
Q13107,AD
P55008,AD
P28908,AD
Q6PI48,AD
P29401,AD
P22087,AD
Q13404,AD
P50440,AD
Q13561,AD
O95461,AD
O75822,AD
Q9NPY3,AD
O75828,AD
P16930,AD
Q9NXS2,AD
Q86VW1,AD
Q14451,AD
P23946,AD
P23381,AD
P24666,AD
Q8WUR7,AD
P26992,AD
P57087,AD
Q7L9L4,AD
Q96FJ2,AD
Q96A00,AD
P38646,AD
P42680,AD
Q15276,AD
Q8NBL1,AD
Q15063,AD
Q9Y2Q3,AD
Q9NVA2,AD
Q9Y5Y2,AD
Q9NTN9,AD
Q01449,AD
Q9NYA1,AD
O75317|Q8TAF3,AD
Q9NQG6,AD
Q13522,AD
Q15075,AD
P01374|Q06643,AD
P23141,AD
Q9NX46,AD
P00480,AD
Q13228,AD
Q9NX01,AD
Q9BXY0,AD
Q13043,AD
Q9Y2G1,AD
Q9UL42,AD
Q16644,AD
Q03154,AD
Q9UHA7,AD
Q8N4E7,AD
Q96MF7,AD
P52823,AD
Q9H9A7,AD
Q8IU85,AD
O00170,AD
Q14213,AD
P06576,AD
Q8N4Q0,AD
P50583,AD
P02042,AD
P05062,AD
P34096,AD
Q9P2T1,AD
Q15907,AD
P11234,AD
P62942,AD
Q6UB28,AD
P54577,AD
P61326,AD
P13591,AD
Q9Y237,AD
O75663,AD
Q96MM7,AD
Q8NC67,AD
Q96EK6,AD
P55145,AD
Q16527,AD
Q13077,AD
Q9BY43,AD
Q9Y5U2,AD
P45973,AD
Q4LDE5,AD
P11926,AD
P61086,AD
Q9HAV7,AD
P00325,AD
Q6UX27,AD
Q7LFX5,AD
Q63HQ0,AD
O60760,AD
P21854,AD
P54725,AD
Q9NNX9,AD
Q9UKG9,AD
P30566,AD
Q96EB6,AD
Q9ULZ9,AD
Q9UGM6,AD
Q16881,AD
P07202,AD
Q99832,AD
Q14508,AD
P46734,AD
P56192,AD
P07237,AD
O95336,AD
P09237,AD
Q14232,AD
P49961,AD
P51659,AD
Q96PE3,AD
P31785,AD
Q92793,AD
P52597,AD
P22234,AD
O76074,AD
Q96MI6,AD
Q53FA7,AD
P43626,AD
Q9BY32,AD
P49840,AD
Q9Y6E0,AD
Q9Y2C2,AD
Q93099,AD
P41159,AD
P55072,AD
O14745,AD
Q9UDX3,AD
Q9NSC5,AD
O43175,AD
Q6UWP2,AD
P69905|P68871,AD
P48147,AD
P62979,AD
Q08334,AD
Q5HYI8,AD
Q96B67,AD
P78344,AD
Q8IXI2,AD
P27361,AD
Q8WZ82,AD
P14091,AD
Q9Y2Z0,AD
O43854,AD
P48637,AD
O14810,AD
Q13247,AD
P60981,AD
Q9BT23,AD
P98179,AD
P26196,AD
P08319,AD
Q08431,AD
P16152,AD
P53779,AD
O15400,AD
P05771,AD
Q92623,AD
Q07866,AD
Q96BJ3,AD
P32019,AD
Q92888,AD
Q9BX46,AD
P57771,AD
Q9NVQ4,AD
Q07654,AD
Q96HY6,AD
O75116,AD
O14638,AD
O00462,AD
Q92499,AD
O14964,AD
P25098,AD
P17677,AD
P84077,AD
O75394,AD
P55773,AD
Q9Y3C6,AD
P35221,AD
B0FP48,AD
O95149,AD
Q9Y6E2,AD
P15586,AD
P17174,AD
Q9H7Z7,AD
Q15007,AD
Q9UL25,AD
Q13151,AD
Q9UNH6,AD
P12644,AD
O00533,AD
P31948,AD
P22004,AD
Q5DT21,AD
Q9H8L6,AD
P05198,AD
Q9C035,AD
P30047,AD
P62937,AD
Q7LG56,AD
Q7L2H7,AD
Q13907,AD
O75056,AD
Q00688,AD
O43692,AD
Q9Y617,AD
P46782,AD
Q9H0U4,AD
Q9UNX3,AD
P50990,AD
P07988,AD
P35241,AD
Q92804,AD
P36405,AD
Q9NQ30,AD
O15355,AD
P59282,AD
Q99726,AD
Q9HAB8,AD
Q00059,AD
O95238,AD
O60682,AD
Q96A72,AD
Q13588,AD
Q86Z14,AD
P03951,AD
Q9H0N5,AD
P04183,AD
Q9BSH4,AD
Q9UIB8,AD
P60510,AD
Q8NI38,AD
Q6NVY1,AD
Q99733,AD
P32320,AD
P31946,AD
P0CG47,AD
Q96AE4,AD
Q9NP79,AD
O43182,AD
P42702,AD
Q9NPJ3,AD
O14683,AD
O00418,AD
P15328,AD
P53674,AD
Q9NV35,AD
Q6ZP65,AD
P0C2L3,AD
Q02750,AD
P13224,AD
Q4G0W2,AD
Q00169,AD
O15391,AD
Q96IZ0,AD
P48728,AD
Q9BYZ8,AD
P61106,AD
Q14011,AD
Q93015,AD
Q9Y5I4,AD
P08476,AD
Q14847,AD
P62068|Q8TAF3,AD
O95848,AD
Q13564|Q8TBC4,AD
Q9NWU1,AD
P29353,AD
Q9UBX7,AD
Q969X0,AD
P18075,AD
P37231,AD
Q9H4M9,AD
Q14956,AD
P0CG32,AD
Q96DX5,AD
Q9NUP9,AD
Q9H7X3,AD
Q9P0G3,AD
Q9BTV6,AD
Q8TF42,AD
Q9BYD6,AD
Q96G61,AD
Q00887,AD
P17987,AD
P11413,AD
Q14139,AD
Q9BPY3,AD
Q9H6E4,AD
P52298,AD
Q9UF33,AD
Q14165,AD
Q9UL26,AD
Q86V88,AD
Q8N183,AD
Q6P988,AD
P49247,AD
Q9UMY4,AD
Q96IJ6,AD
P06727,AD
Q8WU39,AD
P06737,AD
O00515,AD
Q9Y3E2,AD
Q5TEA6,AD
P01298,AD
Q96EK9,AD
Q9NRV9,AD
P05091,AD
Q99747,AD
Q86UN2,AD
O15145,AD
Q9UQN3,AD
O43776,AD
Q92947,AD
Q5SW96,AD
P13726,AD
Q8NHS0,AD
O95389,AD
P30040,AD
P40313,AD
Q6P582,AD
P11171,AD
P62491,AD
Q9GZX6,AD
Q96EY8,AD
Q8WYJ6,AD
O95968,AD
P23443,AD
P30084,AD
Q00536,AD
O75528,AD
Q9HA47,AD
Q5T1C6,AD
Q15555,AD
P04196,AD
Q8N565,AD
Q9BX68,AD
Q8NDI1,AD
Q9HCZ1,AD
Q6UWE0,AD
P41250,AD
P52564,AD
Q92874,AD
Q14289,AD
Q9H8W4,AD
P54727,AD
O75626,AD
P18850,AD
P61978,AD
Q5TA50,AD
P06493|P14635,AD
Q9Y2R0,AD
Q8NBJ5,AD
Q96KC2,AD
P55345,AD
O75208,AD
Q96EP0,AD
Q8TD55,AD
O00264,AD
P24298,AD
P39019,AD
O95841,AD
P49589,AD
Q9NS98,AD
Q5VZ66,AD
P78356,AD
Q8N9N2,AD
Q14002,AD
Q99426,AD
Q92934,AD
O95631,AD
Q9NP74,AD
Q9BRR6,AD
Q9UK76,AD
P61371,AD
Q6ZMI3,AD
P28906,AD
Q8WW22,AD
O60869,AD
Q5KU26,AD
Q9H0M0,AD
Q9NVZ3,AD
Q504Y2,AD
Q96GK7,AD
P61088|Q13404,AD
O14836,AD
P04632,AD
P23515,AD
P62256,AD
Q07021,AD
O95260,AD
Q9NSY2,AD
Q9Y259,AD
P14621,AD
Q96QR8,AD
Q9Y275,AD
Q9BWF3,AD
Q9H3M7,AD
P32942,AD
P34820,AD
P52294,AD
O75493,AD
Q99704,AD
Q13541,AD
O60575,AD
Q8IV08,AD
P08069,AD
Q9NZK5,AD
P60520,AD
P03971,AD
Q8IVM0,AD
O15021,AD
Q9H0E2,AD
Q9HDB5,AD
P42830,AD
P26440,AD
Q9NPG8,AD
Q8TCS8,AD
Q70626,AD
Q14512,AD
Q8TC27,AD
K9M1U5,AD
Q96A49,AD
P69892,AD
P40126,AD
Q9NSA3,AD
Q9BYV6,AD
Q15388,AD
Q9Y5H3,AD
Q99988,AD
Q15181,AD
A6H8Z2,AD
Q9NQZ5,AD
Q9Y4P3,AD
Q9NRM6,AD
Q9HD36,AD
O94973,AD
O76076,AD
P49137,AD
Q15165,AD
P68400|P67870,AD
Q6NXT1,AD
P09543,AD
Q7Z7F7,AD
P05412,AD
Q15813,AD
Q6P9F5,AD
O00339,AD
Q99829,AD
Q16543,AD
P42127,AD
O60861,AD
Q96D42,AD
Q96GD0,AD
Q96I25,AD
Q12979,AD
O60493,AD
P39060,AD
Q7Z7C8,AD
P14550,AD
P26639,AD
P52566,AD
P17661,AD
P09972,AD
Q12905,AD
P54646|O43741|P54619,AD
Q8IUB2,AD
O43915,AD
P51178,AD
O75326,AD
P07900,AD
P30711,AD
Q9Y6F8,AD
Q8N126,AD
P04062,AD
Q15041,AD
Q8NCW5,AD
P84090,AD
P29120,AD
Q9H3Q3,AD
Q9H4G0,AD
Q9UBT3,AD
Q6MZM9,AD
Q9H773,AD
Q9Y337,AD
Q99963,AD
Q9NRN7,AD
Q9Y5X2,AD
Q9UBW5,AD
P30837,AD
P31350,AD
Q13322,AD
Q9NZN3,AD
Q7Z4H8,AD
O14782,AD
Q92565,AD
O43251,AD
Q9BYV8,AD
O15382,AD
P49914,AD
Q16539,AD
Q8IUK8,AD
Q9NUJ1,AD
P10415,AD
Q16836,AD
P20674,AD
P43251,AD
Q6NW29,AD
P53672,AD
Q8TAP4,AD
Q8WWH5,AD
O75973,AD
Q9Y223,AD
Q99538,AD
Q9UBN7,AD
P15498,AD
Q9NWS6,AD
P17252,AD
Q9BSL1,AD
Q9NPB1,AD
P50502,AD
Q9NR56,AD
P50479,AD
Q9NPF2,AD
Q9NUU7,AD
P07947,AD
Q6N022,AD
Q96I24,AD
P04075,AD
P07195,AD
P14324,AD
O15072,AD
P41743,AD
Q9GZV1,AD
Q9H3H3,AD
Q2TBA0,AD
Q9Y3B2,AD
Q5EBL4,AD
Q969M7,AD
Q9Y5B8,AD
Q8WU66,AD
O60911,AD
P02786,AD
P13796,AD
Q8NBM8,AD
Q8WTS1,AD
Q9BS86,AD
P28065,AD
O95881,AD
P0DMV8,AD
P41236,AD
Q8WXH2,AD
P35914,AD
P32456,AD
Q9UK28,AD
Q11130,AD
P23435,AD
O14929,AD
P13995,AD
P56962,AD
Q07444,AD
Q9BUB5,AD
O95363,AD
P98160,AD
P34969,AD
P19404,AD
Q15631,AD
O43633,AD
Q9BW04,AD
Q9H1M3,AD
O95502,AD
Q8NI08,AD
Q8TD06,AD
Q8N2S1,AD
Q9UHX3,AD
P07949,AD
Q9Y231,AD
Q9H6Z4,AD
Q02083,AD
O95081,AD
P31483,AD
P07355,AD
P15516,AD
P19875,AD
Q5VZF2,AD
P08236,AD
P37802,AD
A6NIH7,AD
Q9Y320,AD
P55107,AD
O75084,AD
Q96S82,AD
Q86UD1,AD
P10746,AD
P51884,AD
Q9Y221,AD
P47712,AD
Q9NX40,AD
Q6IBS0,AD
P23193,AD
Q9BXI3,AD
O60243,AD
P30101,AD
Q8WWA0,AD
O43681,AD
Q9UHL4,AD
Q9Y376,AD
Q9HAV5,AD
P29590,AD
Q99983,AD
Q15238,AD
Q15399,AD
Q16623,AD
Q6MZM0,AD
Q15084,AD
Q01433,AD
P20138,AD
P08493,AD
Q6P1Q0,AD
Q08752,AD
Q99807,AD
P14735,AD
Q15126,AD
Q9BSH5,AD
Q9BY42,AD
P08238,AD
O14757,AD
Q9NQ48,AD
Q13444,AD
P50453,AD
Q14653,AD
Q13557,AD
Q5D1E8,AD
P09651,AD
Q00888,AD
O60476,AD
P47224,AD
Q9UP38,AD
P03952,AD
O14737,AD
Q16778,AD
Q9P2W7,AD
P60903,AD
Q02252,AD
Q15811,AD
P20042,AD
Q969E8,AD
Q15691,AD
P81534,AD
Q92802,AD
Q9UBM4,AD
P63098,AD
Q7Z7E8,AD
Q05193,AD
P07477,AD
Q7L7L0,AD
Q5T4F7,AD
Q16674,AD
Q96CS3,AD
Q13363,AD
O95154,AD
Q9H9S4,AD
Q9C0J1,AD
Q9Y4K4,AD
P68104,AD
Q8IY22,AD
P49903,AD
O95256,AD
P01861,AD
P40200,AD
P60022,AD
Q9UGP4,AD
P09622,AD
P19793,AD
P26640,AD
P06756|P18084,AD
P52790,AD
P55774,AD
Q9H251,AD
Q9UKN5,AD
O75190,AD
Q9Y6H3,AD
Q9BQB4,AD
Q9Y5K5,AD
Q6P2E9,AD
Q8IV20,AD
P05230,AD
Q9UBP0,AD
Q8NCW6,AD
Q9P126,AD
Q9Y2H0,AD
Q8WXD2,AD
Q96EK5,AD
Q9HBL8,AD
Q8NAC3,AD
Q9H974,AD
Q9Y3A5,AD
P51114,AD
O75197,AD
O75695,AD
Q99623,AD
Q96L08,AD
P43652,AD
P61204,AD
P01602,AD
O75063,AD
P26842,AD
Q8IZJ1,AD
Q92890,AD
Q9Y5J6,AD
Q9Y295,AD
Q8WV92,AD
Q63HQ2,AD
A2RUC4,AD
P09529,AD
P04844,AD
P28070,AD
P46439,AD
Q8WVM0,AD
Q9NRY2,AD
Q06481,AD
Q76M96,AD
Q96SU4,AD
Q9BUP0,AD
Q99784,AD
P58753,AD
Q9UNA0,AD
P63010,AD
Q9NQ38,AD
Q15067,AD
Q9Y3E7,AD
P04746,AD
Q9BR61,AD
Q14558,AD
Q9NRG1,AD
Q8IY31,AD
Q9UMX1,AD
P00387,AD
Q7LGA3,AD
Q6DCA0,AD
Q9H461,AD
P12645,AD
Q8TAI1,AD
Q9Y217,AD
O75688,AD
Q8N8S7,AD
Q6Q788,AD
Q6FHJ7,AD
Q8IWQ3,AD
P27707,AD
Q96LB8,AD
P55036,AD
Q13753,AD
O94985,AD
Q2I0M5,AD
O15427,AD
Q9HCH5,AD
Q6P6B7,AD
O43736,AD
Q6EMK4,AD
O95989,AD
Q9UI08,AD
Q9NPJ6,AD
O00321,AD
Q9H2K0,AD
A6NHS7,AD
P46063,AD
Q8IYU8,AD
O95390|O14793,AD
Q01085,AD
Q13825,AD
Q50LG9,AD
P19174,AD
P68036,AD
P13667,AD
O43390,AD
Q96CM8,AD
P05937,AD
P21980,AD
Q9P000,AD
P55273,AD
P19883,AD
P41970,AD
Q8IZN3,AD
P84022,AD
Q13790,AD
P50053,AD
Q07325,AD
P50995,AD
Q9BYX4,AD
Q9NUQ8,AD
P31749,AD
Q9NVV0,AD
Q16512,AD
Q9NVM6,AD
Q8WVH0,AD
P55001,AD
Q14195,AD
Q8WVY7,AD
Q9NX55,AD
O95475,AD
Q8IVN3,AD
Q32P28,AD
P61604,AD
Q13011,AD
Q13490,AD
P18615,AD
P61088,AD
P11310,AD
Q9NYJ7,AD
Q9BSV6,AD
Q9H446,AD
P78552,AD
Q569H4,AD
P17405,AD
O95445,AD
P05164,AD
O43252,AD
Q9UM21,AD
O15165,AD
Q9UJC5,AD
O75829,AD
O75521,AD
P52815,AD
P63104,AD
O60671,AD
O43323,AD
Q92609,AD
P16083,AD
P49006,AD
Q969Q5,AD
P12272,AD
Q16822,AD
Q96L92,AD
Q6GQQ9,AD
Q9UIW2,AD
P61952,AD
Q96IW2,AD
Q9UII2,AD
O75264,AD
Q92185,AD
Q16517,AD
Q9NZ72,AD
P48163,AD
P14317,AD
P12814,AD
P15514,AD
P31025,AD
P32971,AD
O00481,AD
P00441,AD
Q9UNA1,AD
Q3MII6,AD
P48426,AD
Q9NQP4,AD
Q8N6H7,AD
Q9NP99,AD
O43819,AD
O14579,AD
Q49B96,AD
P13612|P05556,AD
P23368,AD
Q14CS0,AD
Q14103,AD
Q7L1T6,AD
Q96DB5,AD
P22466,AD
P45984,AD
O95206,AD
O00453,AD
O43464,AD
P49720,AD
Q8N128,AD
Q9Y473,AD
Q9Y624,AD
Q6YP21,AD
Q9ULG6,AD
P51858,AD
P37840,AD
Q86VX2,AD
Q8NFI3,AD
Q10567,AD
P54315,AD
P55789,AD
P20774,AD
P08922,AD
P61586,AD
Q07075,AD
Q5VW32,AD
Q04759,AD
Q09328,AD
P27037,AD
Q99933,AD
Q9BX67,AD
P08217,AD
Q9UBB4,AD
Q6UXD5,AD
Q5JPE7,AD
P47929,AD
Q9UHX1,AD
P15309,AD
O95407,AD
Q13017,AD
Q13137,AD
Q96DT6,AD
Q9UBQ7,AD
P07737,AD
Q7Z7H8,AD
Q9BXW6,AD
O75398,AD
Q9H425,AD
O95249,AD
Q4V328,AD
P11908,AD
P50225,AD
Q9H0F6,AD
Q9UIL8,AD
Q9Y5H4,AD
Q9UQE7,AD
Q9BTK6,AD
O43237,AD
P19235,AD
Q16831,AD
P21579,AD
Q16633,AD
P01009,AD
P02461,AD
Q6GPH6,AD
O00330,AD
O00587,AD
Q9NRF9,AD
O60704,AD
Q16637,AD
Q53S33,AD
Q8WWX9,AD
P18627,AD
P33241,AD
P58062,AD
P01732|P10966,AD
P10720,AD
Q9NZD8,AD
Q86U42,AD
Q13046,AD
Q13882,AD
A0PJX2,AD
Q03014,AD
O15533,AD
Q9NR23,AD
P80162,AD
P23528,AD
Q9NQX3,AD
P46109,AD
Q06141,AD
Q9GZV4,AD
O15335,AD
Q9UGI0,AD
Q7Z4F1,AD
Q9UKL6,AD
P16949,AD
Q9UEF7,AD
P39687,AD
Q8WUJ1,AD
Q14C87,AD
Q16322,AD
P00738,AD
Q8IV01,AD
Q15843,AD
P43268,AD
Q9UMR2,AD
Q13136,AD
P11309,AD
Q9NZR1,AD
P41222,AD
Q6UWL6,AD
P02144,AD
P09110,AD
Q9BXP5,AD
P41235,AD
Q8WXK3,AD
Q86YS6,AD
Q8WW52,AD
P12829,AD
Q03591,AD
P55884,AD
Q8TCE6,AD
P62380,AD
P23468,AD
P29279,AD
P29016,AD
O95833,AD
O43324,AD
O75976,AD
Q06323,AD
Q8NEY4,AD
P01275,AD
P21810,AD
Q8TCD6,AD
Q9BSQ5,AD
Q96C36,AD
P11441,AD
Q9NVF9,AD
O43281,AD
Q16799,AD
Q10713,AD
Q9P2X3,AD
Q9H3U7,AD
Q13956,AD
Q00577,AD
Q16762,AD
P81172,AD
P48645,AD
P02741,AD
P00451,AD
Q6UWV7,AD
O60234,AD
Q9NZV1,AD
P04818,AD
P19224,AD
Q92187,AD
Q13145,AD
P43628,AD
Q9Y4C8,AD
P17022,AD
P22692,AD
Q9Y6U7,AD
Q9BXY4,AD
Q8N7C7,AD
P20248,AD
Q9BXJ7,AD
O75771,AD
Q14CZ8,AD
P58499,AD
Q96T60,AD
Q9UBC2,AD
Q96GW7,AD
H3BQW9,AD
P55854,AD
Q05901,AD
P41208,AD
P23276,AD
P17655,AD
Q8N0X4,AD
Q9NWZ3,AD
Q13510,AD
Q8N257,AD
P48067,AD
Q8N7R7,AD
P49257,AD
Q14982,AD
P40197,AD
Q93070,AD
P80511,AD
P00367,AD
Q96BZ9,AD
Q13451,AD
Q96A84,AD
Q6JVE9,AD
Q969V5,AD
O75475,AD
P01876|P01877,AD
Q96GP6,AD
P14415,AD
P22392,AD
Q16653,AD
A8K4G0,AD
Q7Z7H3,AD
Q9UN42,AD
Q9NZT2,AD
Q9NQ76,AD
P20338,AD
P07108,AD
P15291,AD
P48723,AD
Q16557,AD
P16233,AD
Q16514,AD
P10643,AD
Q0P6D2,AD
P48061,AD
Q16401,AD
P22748,AD
Q92835,AD
P09210,AD
O15075,AD
Q9H4A9,AD
Q9H115,AD
Q16667,AD
P05161,AD
P22749,AD
Q9UN76,AD
P49902,AD
Q30KQ8,AD
Q5XKK7,AD
Q8TAT2,AD
Q8WWV6,AD
Q13283,AD
Q9NZL4,AD
Q5SGD2,AD
P15169,AD
Q86VR8,AD
P08514|P05106,AD
Q8WXG8,AD
Q9BUV0,AD
Q9BUX1,AD
Q9NQG5,AD
P21741,AD
O14523,AD
O43320,AD
Q9UNP9,AD
Q99435,AD
Q7L5Y9,AD
Q16663,AD
P27348,AD
O60462,AD
P10966,AD
P37023,AD
Q8N7C0,AD
Q8IZR5,AD
Q9HC57,AD
Q16186,AD
Q9BYV2,AD
P06744,AD
Q15743,AD
Q7L1S5,AD
Q53H82,AD
Q96DA6,AD
Q96PQ0,AD
Q86TU7,AD
Q15942,AD
P01732,AD
O95544,AD
Q8WYQ3,AD
Q9BZ29,AD
P22735,AD
Q6AI12,AD
Q15303,AD
Q9HD42,AD
Q16658,AD
Q8NFZ4,AD
Q9UNI1,AD
Q5TDP6,AD
Q6PD74,AD
Q15849,AD
Q76N89,AD
O95671,AD
Q9NTX7,AD
Q13261,AD
P41221,AD
P09341,AD
Q14108,AD
P51580,AD
P17752,AD
O14512,AD
P33316,AD
P12757,AD
P80370,AD
O00584,AD
P11226,AD
P08476|P09529,AD
P12081,AD
P07311,AD
Q9HCN6,AD
P33183,AD
Q9Y5T4,AD
Q96NA8,AD
Q5JUX0,AD
Q4KMG0,AD
Q9UGI8,AD
P53634,AD
P43627,AD
Q9H0V9,AD
P61964,AD
P80098,AD
P08571,AD
P34931,AD
Q7L014,AD
O00273,AD
P14649,AD
P83859,AD
O14793,AD
Q12974,AD
P50221,AD
P30533,AD
Q7LBR1,AD
Q96JF0,AD
Q96BR5,AD
P07998,AD
Q08830,AD
Q08380,AD
O60496,AD
Q16832,AD
Q96DA2,AD
P35613,AD
Q01543,AD
Q9HAP6,AD
Q7Z5G4,AD
P07911,AD
P68871,AD
Q9BQ08,AD
Q5JUR7,AD
Q9GZY6,AD
Q9GZN4,AD
Q8WTQ1,AD
O43809,AD
P14207,AD
Q9Y2E5,AD
P05112,AD
P48304,AD
Q9UBQ0,AD
Q96A32,AD
Q86TA1,AD
P10082,AD
Q9Y2V2,AD
Q14117,AD
Q12797,AD
Q92823,AD
Q7Z2W9,AD
Q6UXQ4,AD
Q15848,AD
Q8NHJ6,AD
Q68J44,AD
Q07820,AD
Q13838,AD
P50222,AD
P20396,AD
P09488,AD
P19429,AD
P02748,AD
Q9NSI8,AD
P78560,AD
P05113,AD
P05451,AD
P48060,AD
Q9H1Z8,AD
P08263,AD
Q9HCJ6,AD
P41567,AD
P0DJI8,AD
P0C0P6,AD
P29317,AD
P31947,AD
Q03692,AD
Q15046,AD
Q9H4A6,AD
Q96Q40,AD
P0CG30,AD
P04181,AD
P41223,AD
Q9P2M1,AD
P56470,AD
P34059,AD
Q9NR19,AD
Q6PB30,AD
Q15124,AD
P04156,AD
P56199|P05556,AD
P20807,AD
Q8IUW5,AD
O96017,AD
P12956,AD
Q14520,AD
Q9NZW5,AD
O15130,AD
Q9Y5C1,AD
Q8TED9,AD
Q12860,AD
O15194,AD
Q02241,AD
P06276,AD
P00751,AD
Q9H3Q1,AD
Q8TEF2,AD
Q9H361,AD
O95352,AD
Q9UHD0,AD
Q13564,AD
Q04771,AD
Q6PJG9,AD
O60486,AD
O95867,AD
P20827,AD
Q14135,AD
P01011,AD
Q96Q83,AD
Q2NL98,AD
Q86TS9,AD
P19784|P67870,AD
Q96HZ4,AD
Q9NTK1,AD
P49789,AD
Q16890,AD
Q69YN2,AD
P07225,AD
P20701|P05107,AD
Q9P1W8,AD
Q969F2,AD
P36897,AD
O95429,AD
Q92506,AD
Q9GZX9,AD
Q8N5Z5,AD
Q08945,AD
Q9Y2Q5,AD
Q9NYX4,AD
P60484,AD
O15116,AD
Q6PCB0,AD
Q6P1K2,AD
Q9BQF6,AD
O75764,AD
P35225,AD
Q96AH0,AD
Q6NUJ1,AD
Q3YEC7,AD
P27352,AD
Q2M3T9,AD
Q8WZA0,AD
P78509,AD
Q2VWP7,AD
Q99471,AD
Q16280,AD
Q9H7P6,AD
O14618,AD
Q96JJ7,AD
Q9NVV4,AD
Q9UKA2,AD
O75096,AD
O15205,AD
P56851,AD
P61247,AD
Q7Z5R6,AD
Q5GFL6,AD
P40189,AD
Q9H9G7,AD
Q96DE0,AD
Q9NS68,AD
Q96RU3,AD
Q8TDY8,AD
P38936,AD
O43150,AD
P67809,AD
O60551,AD
Q96P31,AD
P04155,AD
Q9UJ70,AD
Q8N0Z9,AD
Q9HCN4,AD
Q8N5H3,AD
Q14184,AD
P36871,AD
Q9H2U2,AD
O95388,AD
Q8TDQ1,AD
P02656,AD
Q16595,AD
Q9P0T7,AD
Q9UF47,AD
P43307,AD
Q92520,AD
P17861,AD
P31153,AD
P01906,AD
P31150,AD
Q9H3P2,AD
Q9Y6G9,AD
Q02556,AD
O60330,AD
Q8WXC3,AD
Q9UNE0,AD
Q96DV4,AD
Q9UJQ7,AD
Q9BPW9,AD
Q96N21,AD
P60985,AD
O75154,AD
O15296,AD
Q96PE7,AD
Q12866,AD
Q9Y2D0,AD
Q9BQG2,AD
P00390,AD
Q9NZA1,AD
Q9BY71,AD
P01031,AD
P19784,AD
Q13009,AD
Q15274,AD
O95150,AD
Q92541,AD
Q10471,AD
Q9BWS9,AD
Q96EE4,AD
P16109,AD
Q15256,AD
Q3SXY7,AD
Q13976,AD
P24593,AD
Q15759,AD
Q13554,AD
O60224,AD
P58417,AD
Q1RMZ1,AD
O43715,AD
Q5MJ09,AD
A6H8Y1,AD
P01286,AD
O15079,AD
P61626,AD
Q9H2C0,AD
O00746,AD
P00995,AD
P15515,AD
Q9H840,AD
Q7Z6L0,AD
Q9UKL4,AD
P00750,AD
Q9BXJ1,AD
Q13361,AD
P36222,AD
Q9NPH0,AD
O75044,AD
Q9Y5X9,AD
P33261,AD
Q13332,AD
Q00889,AD
Q2TAL6,AD
P01033,AD
Q8IWT1,AD
Q96FQ6,AD
P22626,AD
O75173,AD
Q9BUN1,AD
Q9BV19,AD
Q8NBJ4,AD
Q9BVV7,AD
P12104,AD
Q8NET1,AD
Q96EU7,AD
P14859,AD
O95236,AD
P15086,AD
P13727,AD
Q8WWG1,AD
Q9Y2T1,AD
Q9NU19,AD
Q06033,AD
Q99576,AD
Q6AZY7,AD
O60894,AD
P30046,AD
Q96KN4,AD
P31323,AD
Q8N6Q1,AD
Q03393,AD
Q9P2N7,AD
Q8NFY4,AD
P16860,AD
P51608,AD
O95727,AD
O14773,AD
Q9UJW8,AD
Q9UHY1,AD
P09525,AD
Q6ZRP7,AD
Q9UBX1,AD
Q96N03,AD
P55283,AD
Q9UKY1,AD
Q8IUQ4,AD
P52741,AD
Q92820,AD
P51965,AD
Q6ZUJ8,AD
O43805,AD
Q8TF39,AD
Q8IXL7,AD
Q15018,AD
P04035,AD
P04275,AD
Q9NS18,AD
P62310,AD
P26718,AD
Q8N6P7,AD
Q8IVH8,AD
O14653,AD
P35030,AD
Q8N140,AD
Q17R31,AD
Q6ZS86,AD
Q9Y3E1,AD
Q08722,AD
P24001,AD
Q9HB90,AD
Q6ZW76,AD
O15173,AD
Q96SR6,AD
Q99728,AD
Q6ZRI8,AD
Q96QV6,AD
O60469,AD
Q9BW91,AD
Q96E11,AD
Q14324,AD
Q8WYN0,AD
P15531,AD
O95379,AD
Q9Y2X8,AD
O43291,AD
Q969J5,AD
Q16568,AD
P08684,AD
Q9HBE5,AD
P06756|P05556,AD
Q6WN34,AD
P40394,AD
O43353,AD
Q8IZI9,AD
Q6S5H5,AD
P62701,AD
Q12884,AD
Q9BUK0,AD
P20618,AD
O00212,AD
A4D161,AD
Q9Y6A9,AD
Q9H665,AD
P54753,AD
O60241,AD
P20061,AD
Q9NSC7,AD
Q8N8U9,AD
Q9NVF7,AD
P04179,AD
Q10589,AD
P09382,AD
Q00613,AD
Q8NBQ5,AD
Q03426,AD
O95292,AD
Q8WTT0,AD
P42331,AD
O14977,AD
Q9BYH1,AD
Q12913,AD
Q9UJW9,AD
P55040,AD
P17931,AD
Q8IXJ6,AD
Q16851,AD
P17081,AD
P51878,AD
P59901,AD
Q9UH77,AD
Q9H1D9,AD
Q9H4F1,AD
Q96B02,AD
Q9H4D0,AD
Q86WN1,AD
P15144,AD
Q96MW1,AD
P12830,AD
P11117,AD
Q9H165,AD
O00151,AD
Q9UIK4,AD
P50895,AD
P63096,AD
Q9Y5F6,AD
Q03405,AD
Q15198,AD
Q96SL4,AD
Q5VWZ2,AD
P51814,AD
Q96JK2,AD
Q9P0B6,AD
P17027,AD
P02489,AD
O14979,AD
Q969W9,AD
P0DPA2,AD
O00255,AD
P56270,AD
O60664,AD
P62072,AD
Q9H492,AD
P00742,AD
O60909,AD
P51124,AD
P54652,AD
Q8TBQ9,AD
Q9NQT5,AD
Q8IZF4,AD
O95633,AD
P51815,AD
Q15006,AD
Q4G0N4,AD
Q5VY80,AD
P49747,AD
P02749,AD
Q14995,AD
Q8TBP5,AD
P54368,AD
Q86VH4,AD
Q96EY4,AD
O43598,AD
P01031|P13671,AD
Q9Y3E5,AD
O94923,AD
Q12794,AD
P11844,AD
P43630,AD
P20591,AD
A6NM11,AD
Q9BXD5,AD
Q9C002,AD
O15511,AD
P18093,AD
O14678,AD
P06132,AD
Q9UN67,AD
Q9UK55,AD
Q08648,AD
Q66K79,AD
Q5T4F4,AD
Q5MJ08,AD
Q8NC06,AD
Q8IUB5,AD
P17735,AD
Q8N109,AD
P11387,AD
P32929,AD
Q8TBY0,AD
Q9ULK0,AD
P19838,AD
Q9GZZ9,AD
Q9BYR9,AD
Q14CN4,AD
Q99856,AD
Q16625,AD
Q9BU02,AD
P0DJR0,AD
Q8NCG5,AD
P35968,AD
P31949,AD
O15266,AD
Q14126,AD
P30050,AD
Q96DA0,AD
Q8N8Q1,AD
Q2M2D7,AD
P52803,AD
Q6UX71,AD
Q9UNK4,AD
P04080,AD
Q1ZYL8,AD
O95954,AD
Q5TFE4,AD
Q8N752,AD
Q9H5P4,AD
P17900,AD
Q5JS37,AD
Q9NQ25,AD
Q5TGS1,AD
Q9H3K6,AD
Q9NPH9,AD
P50120,AD
Q9NZ08,AD
Q92817,AD
P26038,AD
Q4KMG9,AD
O95297,AD
Q86WR0,AD
P02794,AD
P42330,AD
P63173,AD
Q8IZU0,AD
P61647,AD
P09234,AD
P01241,AD
P35226,AD
A8K7I4,AD
P10606,AD
Q9HDC9,AD
O76080,AD
P08581,AD
Q96PB8,AD
Q86UA6,AD
HCE000342,AD
Q96HD9,AD
P30838,AD
Q08117,AD
Q9NS26,AD
Q9UJ72,AD
P14174,AD
O75956,AD
P29597,AD
Q9UER7,AD
O14556,AD
P02790,AD
P11717,AD
Q93091,AD
P17516,AD
P25445,AD
Q9Y4L1,AD
P0DMV9,AD
O15013,AD
Q9NTU7,AD
Q9Y4C0,AD
P31944,AD
Q6UWE3,AD
Q9Y6W6,AD
Q15053,AD
P35247,AD
P46952,AD
Q8N1E2,AD
Q9H3F6,AD
P78358,AD
O15146,AD
Q96AJ1,AD
O43293,AD
Q15697,AD
P22105,AD
P47992,AD
O95741,AD
P10827,AD
Q8N7P1,AD
Q3KPI0,AD
O75503,AD
Q9Y2B5,AD
O75865,AD
Q9NZ94,AD
Q8NFP4,AD
Q96DU7,AD
Q9H4I2,AD
Q6P995,AD
P62888,AD
Q96DT7,AD
O60880,AD
P55899,AD
Q99697,AD
P18846,AD
P49585,AD
P17854,AD
P02753,AD
P56134,AD
Q9UKA8,AD
P61019,AD
P29320,AD
P78380,AD
Q13115,AD
P01160,AD
P17538,AD
Q9NZ53,AD
P35638,AD
O75487,AD
Q86VH5,AD
Q9NSD4,AD
Q8NAT1,AD
Q92547,AD
P12643,AD
Q8IW41,AD
Q4G148,AD
Q7Z7K6,AD
P00374,AD
Q6UWM7,AD
P01138,AD
Q8NBX0,AD
Q5VVJ2,AD
P24534,AD
Q9GZM8,AD
Q9NZC2,AD
P33151,AD
P52895,AD
Q16655,AD
O95754,AD
P20783,AD
P06732,AD
O43927,AD
Q9Y274,AD
Q9NQ79,AD
Q6PIL6,AD
Q5M775,AD
Q96LA5,AD
Q9BXU9,AD
P17066,AD
Q92186,AD
P14151,AD
Q7L8C5,AD
P08833,AD
P18084,AD
Q16659,AD
O14558,AD
O15197,AD
P04637,AD
Q9UKX5|P05556,AD
O43707,AD
Q9BWL3,AD
Q8NEA5,AD
Q9Y5U8,AD
Q86VK4,AD
P78562,AD
Q92743,AD
Q9H9Q2,AD
P04233,AD
P31270,AD
Q6P4F2,AD
P08235,AD
O95825,AD
P09211,AD
Q9GZT9,AD
P10696,AD
P0DJD7,AD
O60449,AD
P0DJI9,AD
Q9Y5W5,AD
Q13620,AD
Q9Y3A3,AD
O60260,AD
P07686,AD
P14555,AD
P27469,AD
P18847,AD
Q19AV6,AD
P26927,AD
Q14012,AD
Q6P5S2,AD
Q9H1M4,AD
P23327,AD
P16070,AD
P55082,AD
Q9NRB3,AD
Q9UHB6,AD
Q96AX2,AD
Q9BRF8,AD
Q9HCU8,AD
Q53H47,AD
P51857,AD
P26368,AD
P35590,AD
P01215,AD
O00422,AD
P07327,AD
P45379,AD
Q9NWU2,AD
P01034,AD
Q7Z7M8,AD
Q8NHP8,AD
Q6T311,AD
Q9BUZ4,AD
Q9NPJ8,AD
P08185,AD
P20851,AD
Q9BQD7,AD
P47902,AD
O00144,AD
P61599,AD
P02771,AD
O00499,AD
Q96HT8,AD
Q8N5I3,AD
P43166,AD
Q969T7,AD
P05129,AD
O60759,AD
Q969E3,AD
O43566,AD
Q8N8Z6,AD
Q9UIC8,AD
Q8WUF8,AD
Q02487,AD
P15151,AD
Q9BRK3,AD
Q6EIG7,AD
O43264,AD
P27216,AD
Q13616,AD
O75431,AD
Q15113,AD
Q96PX8,AD
Q8WVQ1,AD
P20155,AD
Q96ER9,AD
Q15560,AD
Q7L513,AD
P56975,AD
P24043|P07942|P11047,AD
Q9NY72,AD
Q5T601,AD
Q9P031,AD
Q14028,AD
Q9NP77,AD
O94830,AD
O75882,AD
P36268,AD
P04278,AD
Q16849,AD
Q9UHP3,AD
P14598,AD
P10147,AD
Q6NT46,AD
P62081,AD
Q9NUL3,AD
Q9UKF2,AD
P43489,AD
Q15293,AD
P08118,AD
Q9NY97,AD
P02792,AD
Q7Z6J4,AD
Q96LZ2,AD
Q96HH9,AD
O75427,AD
Q9NZN1,AD
Q9UEE9,AD
P11473,AD
Q96EP1,AD
Q8TDL5,AD
P00519,AD
Q8N539,AD
Q8N3E9,AD
Q9UBV4,AD
P02794|P02792,AD
P55058,AD
Q3LXA3,AD
P09493,AD
P23352,AD
Q9NS85,AD
Q9ULW5,AD
P08779,AD
Q641Q3,AD
P11362,AD
Q8N4G2,AD
Q9ULK6,AD
Q15170,AD
Q96NW4,AD
P43246,AD
Q9HAN9,AD
P12544,AD
Q07507,AD
O75093,AD
Q01638,AD
P08590,AD
Q9UMX5,AD
P09601,AD
Q8NEX6,AD
P17213,AD
Q01844,AD
P13232,AD
Q96AJ9,AD
Q9BRU2,AD
Q13018,AD
O00755,AD
Q12926,AD
Q9UL16,AD
P30085,AD
Q8TB73,AD
Q9UBP4,AD
Q15910,AD
P15848,AD
Q6ZN44,AD
P23280,AD
Q96NT0,AD
Q2UY09,AD
Q9UM47,AD
P51397,AD
Q96TC7,AD
Q8TB22,AD
Q96G28,AD
P23760,AD
P36959,AD
P01189,AD
Q8TF66,AD
Q969U7,AD
O95243,AD
Q15836,AD
Q13084,AD
P08294,AD
P01568,AD
Q9H8J5,AD
Q9P2P5,AD
Q99470,AD
Q69YI7,AD
P51693,FTD
Q5VWW1,FTD
O14594,FTD
Q9BYH1,FTD
O95502,FTD
Q8IZP7,FTD
Q99536,FTD
Q14DG7,FTD
P58335,FTD
Q8WXD2,FTD
P52823,FTD
P19957,FTD
Q9H5V8,FTD
Q14C87,FTD
O60760,FTD
P23280,FTD
O60909,FTD
P23515,FTD
P06756|P05106,FTD
Q96EE4,FTD
Q9BRK3,FTD
P05452,FTD
Q9H6X2,FTD
P17900,FTD
Q9H4G4,FTD
Q2UY09,FTD
Q8IUL8,FTD
P23468,FTD
Q6Q788,FTD
P55774,FTD
Q99988,FTD
P78562,FTD
P07196,FTD
P52758,FTD
O95998,FTD
Q9NZC2,FTD
Q92626,FTD
P54764,FTD
P07998,FTD
Q8IZS8,FTD
O14683,FTD
P39900,FTD
P07858,FTD
O95633,FTD
Q15517,FTD
Q5DT21,FTD
P36222,FTD
P51671,FTD
P08476,FTD
Q5UCC4,FTD
P01034,FTD
Q9BTE7,FTD
P17936,FTD
P22105,FTD
P10721,FTD
P61769,FTD
Q14508,FTD
Q12805,FTD
Q7Z5W3,FTD
O95825,FTD
Q13361,FTD
P05019,FTD
Q8N6T3,FTD
O75077,FTD
P36269,FTD
P40126,FTD
Q9HCB6,FTD
Q14623,FTD
P18850,FTD
P18510,FTD
A6NGN9,FTD
P00747,FTD
O00244,FTD
Q5TAT6,FTD
O43264,FTD
Q9UBR2,FTD
P0DJI8,FTD
P02649,FTD
Q96AW1,FTD
P28799,FTD
Q09328,FTD
Q8N729,FTD
P52848,FTD
P61956,FTD
P60604,FTD
P35858,FTD
P19961,FTD
Q8IUX8,FTD
Q9Y2C2,FTD
P13796,FTD
Q96KQ7,FTD
P19438,FTD
Q76LX8,FTD
P12273,FTD
Q6P5S2,FTD
P04746,FTD
P22352,FTD
Q8IWV2,FTD
Q6UXZ4,FTD
P30050,FTD
P08581,FTD
Q8NBK3,PDD
P22303,PDD
P05452,PDD
P19957,PDD
Q96B67,PDD
O60760,PDD
P06756|P05106,PDD
Q9UBV8,PDD
P58335,PDD
P01303,PDD
Q13093,PDD
P24298,PDD
P03952,PDD
Q16853,PDD
Q6NUJ1,PDD
Q9NQ79,PDD
P52848,PDD
P00505,PDD
Q9H6X2,PDD
P51884,PDD
O75884,PDD
O15263,PDD
Q8NEQ5,PDD
P08697,PDD
Q09328,PDD
P59282,PDD
A6NH11,PDD
Q9H4G4,PDD
Q8K2Y0,PDD
Q9BW30,PDD
Q9UHD0,PDD
Q8NCG5,PDD
P49223,PDD
P43251,PDD
Q8WVE0,PDD
P10721,PDD
Q8NFY4,PDD
P01215|P0DN86|P0DN87,PDD
P15814,PDD
Q8WVF2,PDD
P13796,PDD
Q8WTQ1,PDD
O95502,PDD
Q92576,PDD
Q8TE68,PDD
Q9UKX5|P05556,PDD
Q8IWV2,PDD
P21860,PDD
P23381,PDD
O43251,PDD
P62324,PDD
P34896,PDD
P60510,PDD
O14960,PDD
Q6P2E9,PDD
Q96JJ7,PDD
P12643,PDD
P29120,PDD
Q9Y3Q0,PDD
P14324,PDD
Q9UBU3,PDD
Q9H3M7,PDD
P15907,PDD
O75452,PDD
Q8NBK3,PD
Q9BW30,PD
P06756|P05106,PD
P59282,PD
Q96B67,PD
P58335,PD
O60760,PD
P05452,PD
Q8NFY4,PD
Q5DT21,PD
Q16853,PD
Q9H6X2,PD
O60476,PD
P19957,PD
O60909,PD
O75452,PD
P12277|P06732,PD
Q09328,PD
Q9ULC4,PD
P54710,PD
P14174,PD
O14960,PD
P07311,PD
Q9GZZ9,PD
Q01518,PD
Q99584,PD
Q8WUX2,PD
P98066,PD
Q9HB07,PD
P0C7L1,PD
O60218,PD
P15586,PD
Q9NTN9,PD
Q9NVA2,PD
Q8NFR9,PD
O00151,PD
Q16864,PD
Q8TBP5,PD
A6NH11,PD
Q9BRK3,PD
Q13522,PD
Q8NFU3,PD
P10912,PD
Q96EU7,PD
Q5TA50,PD
P28482,PD
Q9UKX5|P05556,PD
Q9UMR2,PD
O60763,PD
O14530,PD
Q9Y617,PD
O00399,PD
O15405,PD
Q9BRG1,PD
O95461,PD
P43358,PD
P09972,PD
O75347,PD
P36776,PD
Q9BQB4,PD
P00749,PD
O75063,PD
Q15843,PD
P01236,PD
O15519,PD
Q9NUQ8,PD
Q00536,PD
P09467,PD
O14907,PD
Q8WZ19,PD
P50897,PD
P51654,PD
P32004,PD
P52306,PD
Q9BUB5,PD
Q9NXJ5,PD
P04090,PD
O95229,PD
Q9Y2X8,PD
P02786,PD
P34810,PD
P63241,PD
P06756|P18084,PD
Q13618,PD
Q9H299,PD
P11234,PD
P09525,PD
Q9Y316,PD
P46459,PD
Q6PIL6,PD
P10721,PD
Q9H156,PD
P29350,PD
O43427,PD
Q99653,PD
O75914,PD
Q8N0X7,PD
Q63HQ0,PD
P49137,PD
Q6GQQ9,PD
O75821,PD
Q15819,PD
P06732,PD
P41235,PD
P55854,PD
P02747,PD
P78560,PD
P49961,PD
O00231,PD
Q9Y5N5,PD
Q8WWF3,PD
Q53H82,PD
Q9Y3A5,PD
P53990,PD
Q96GK7,PD
Q9UI30,PD
Q96B36,PD
Q9H832,PD
Q13564|Q8TBC4,PD
Q9UKG9,PD
Q969T4,PD
P21283,PD
P51857,PD
P52566,PD
Q9BYV8,PD
O95989,PD
P60842,PD
O60234,PD
P41159,PD
P17987,PD
P11226,PD
P08648,PD
Q92729,PD
Q9UK53,PD
O43897,PD
P49902,PD
Q14240,PD
P18085,PD
O14641,PD
P22079,PD
Q7Z553,PD
O14975,PD
Q12778,PD
P49757,PD
P60520,PD
Q9H3U1,PD
P23515,PD
P53803,PD
Q9BS92,PD
O14815,PD
P21860,PD
O95926,PD
P61086,PD
Q9H361,PD
P0CAP2,PD
O95260,PD
Q12792,PD
P28838,PD
Q6P1Q9,PD
P51965,PD
P61956,PD
P51570,PD
Q9GZQ8,PD
Q96F63,PD
Q969X0,PD
P50461,PD
Q9NRR5,PD
Q8WXH0,PD
Q9NSI8,PD
O95336,PD
Q96FZ7,PD
O95999,PD
Q6GPH6,PD
Q8N129,PD
P55273,PD
O00299,PD
P12830,PD
P09210,PD
Q6UX15,PD
O43447,PD
Q96LL9,PD
Q9Y275,PD
Q86Y82,PD
Q9NVG8,PD
Q6UWE0,PD
Q96I25,PD
Q4G0W2,PD
Q13636,PD
Q9UJY5,PD
Q6P3X3,PD
O95671,PD
Q9NZ52,PD
Q9NQS1,PD
P84022,PD
Q99933,PD
Q13591,PD
Q9HBM1,PD
P79483,PD
P15814,PD
Q7L1T6,PD
Q01995,PD
Q9ULZ9,PD
O95969,PD
P01344,PD
P13725,PD
P61088|Q13404,PD
Q15849,PD
Q13451,PD
Q9UHD9,PD
P61960,PD
Q9H4P4,PD
O60609,PD
Q13442,PD
Q14696,PD
Q15942,PD
P00742,PD
Q06323,PD
Q9UBX7,PD
Q9H6S3,PD
Q9Y281,PD
P19021,PD
P37840,PD
P31946,PD
P50583,PD
Q9UMY4,PD
Q7LBR1,PD
P42892,PD
Q12884,PD
P16284,PD
Q8TCZ2,PD
P13796,PD
O43678,PD
Q9UNE0,PD
Q8NBM8,PD
Q14653,PD
P50225,PD
P16278,PD
Q8WZ82,PD
P16885,PD
Q15125,PD
P60022,PD
P34949,PD
P48382,PD
P06744,PD
Q00535|Q15078,PD
P49862,PD
Q92993,PD
P58753,PD
Q15172,PD
O95866,PD
Q14011,PD
P21589,PD
Q9NRN7,PD
Q9NR45,PD
O75663,PD
P0DMV9,PD
O75368,PD
P26885,PD
P29401,PD
Q9NUU7,PD
Q9Y3C6,PD
O14896,PD
O95881,PD
O43240,PD
Q9P2T1,PD
O96013,PD
Q9GZM8,PD
Q93045,PD
O95954,PD
P07108,PD
Q99623,PD
Q9Y2C2,PD
Q92905,PD
Q96DZ1,PD
P50990,PD
Q9UBX8,PD
Q14165,PD
Q8TCA0,PD
Q16659,PD
Q9HB71,PD
P42768,PD
O14602,PD
O14745,PD
Q15466,PD
O75054,PD
Q9Y2Z0,PD
Q15257,PD
P12532,PD
Q13886,PD
Q8TD06,PD
O15068,PD
Q15813,PD
Q9Y3E2,PD
P35612,PD
P36405,PD
Q13107,PD
Q5KU26,PD
Q08431,PD
P02787,PD
Q9P2B2,PD
Q9NX62,PD
Q8TAT6,PD
P49914,PD
P53355,PD
B1AK53,PD
O94992,PD
Q8IUL8,PD
P03951,PD
Q14847,PD
P60174,PD
O15392,PD
Q13651,PD
Q9Y4G6,PD
Q06520,PD
P11413,PD
Q2TBF2,PD
O76076,PD
P51452,PD
Q5VT25,PD
Q9UBP0,PD
Q99832,PD
Q9H446,PD
O14734,PD
Q96CN7,PD
O60259,PD
Q969M7,PD
O60884,PD
Q14114,PD
P22392,PD
P07202,PD
Q96HC4,PD
O60496,PD
Q9HB20,PD
P01374|Q06643,PD
Q13287,PD
P60604,PD
P51153,PD
Q9UF47,PD
P01215|P01222,PD
Q9NZH6,PD
Q9HCM2,PD
P02749,PD
P12111,PD
P06307,PD
P11766,PD
P05187,PD
Q16549,PD
Q9P126,PD
Q9UKP3,PD
Q14BN4,PD
P07288,PD
Q96T60,PD
P61586,PD
Q8IY22,PD
Q7Z2X4,PD
Q9UIA0,PD
O15444,PD
Q96NA8,PD
P01871,PD
Q6PL45,PD
P30085,PD
P61020,PD
O43399,PD
P62937,PD
Q9H4G4,PD
Q9Y5X3,PD
P68402,PD
O95390|O14793,PD
Q9Y4Z0,PD
Q6P988,PD
Q96QR8,PD
Q9BT09,PD
Q6UXI9,PD
Q86V88,PD
P10600,PD
P61088,PD
P05111,PD
Q9NR71,PD
Q9BWT3,PD
O15143,PD
O00746,PD
Q96FJ2,PD
P48507,PD
P08514|P05106,PD
O43903,PD
O15131,PD
P08237,PD
P55072,PD
Q9Y2G1,PD
P68106,PD
P01011,PD
P28908,PD
Q8NEQ5,PD
Q9Y237,PD
P12081,PD
O00161,PD
P0DI81,PD
P22105,PD
P18065,PD
P52594,PD
P33763,PD
P12544,PD
Q15181,PD
Q6NZI2,PD
P52815,PD
Q9Y5B8,PD
O75077,PD
Q15053,PD
Q9UKZ9,PD
P09769,PD
Q6IBS0,PD
Q8IVM0,PD
P13797,PD
P00750,PD
P08134,PD
Q14005,PD
P29144,PD
O14770,PD
Q9H972,PD
Q99435,PD
P52848,PD
Q9UBE0|Q9UBT2,PD
P07949,PD
P07737,PD
P22692,PD
O43639,PD
P14314,PD
Q02790,PD
P78356,PD
P15428,PD
Q9H903,PD
Q12846,PD
O95236,PD
Q9Y287,PD
P21695,PD
P49773,PD
Q99426,PD
P49863,PD
P20073,PD
Q99417,PD
P07327,PD
Q9UQ53,PD
P19105,PD
Q96GD4,PD
Q96I82,PD
P01215|P01225,PD
P20742,PD
P63104,PD
Q8TDZ2,PD
Q16774,PD
P16619,PD
P02768,PD
Q9NP79,PD
Q9Y2H0,PD
Q5SZK8,PD
P24666,PD
Q14088,PD
Q8NEY4,PD
Q04609,PD
Q70J99,PD
Q7L9L4,PD
P61088|Q15819,PD
Q7Z6V5,PD
Q13790,PD
P25189,PD
Q9UNG2,PD
P58062,PD
Q15691,PD
Q9UNI1,PD
Q9Y4E8,PD
Q02246,PD
Q13740,PD
Q16514,PD
Q04917,PD
Q5VWK5,PD
Q9NNX6,PD
Q9H4M9,PD
Q5T2T1,PD
Q9NX46,PD
Q13361,PD
P22607,PD
Q9HAE3,PD
P35613,PD
Q8TB40,PD
P02790,PD
Q9UJA9,PD
Q9Y657,PD
P78344,PD
P13591,PD
P50135,PD
P22681,PD
Q96C86,PD
Q9UNE7,PD
Q6P179,PD
O95711,PD
Q96BJ3,PD
Q13188,PD
Q9UHG3,PD
P98173,PD
Q8TDL5,PD
P49069,PD
O75355,PD
P40197,PD
P01229,PD
Q96G04,PD
P04792,PD
P30419,PD
O95219,PD
P55145,PD
P14384,PD
Q9HCK4,PD
Q15084,PD
Q9UNF0,PD
P56377,PD
P50281,PD
Q9NRG1,PD
P05162,PD
P01584,PD
Q2VWP7,PD
P05091,PD
Q8WVM8,PD
P30613,PD
P01574,PD
P04196,PD
P60983,PD
Q9ULS5,PD
O43175,PD
Q12904,PD
P48739,PD
P54819,PD
P08069,PD
O60674,PD
P13232,PD
Q96BN2,PD
Q9NVF9,PD
P62068,PD
Q16222,PD
Q96A00,PD
Q99963,PD
P54252,PD
P10696,PD
P56192,PD
Q9UJJ9,PD
Q9UBS0,PD
P52895,PD
P11216,PD
P01215|P01229,PD
P29373,PD
Q96JA1,PD
P26842,PD
Q9NZN3,PD
P00326,PD
Q96EE4,PD
P52888,PD
P08631,PD
O95460,PD
P01833,PD
O00626,PD
Q9GZU7,PD
P51692,PD
P02656,PD
A4D161,PD
Q9UHP7,PD
P30041,PD
Q5SW96,PD
P35606,PD
Q6UXK5,PD
Q14642,PD
Q8IZF7,PD
Q8NBP7,PD
Q8WTT0,PD
A6NI79,PD
O15041,PD
Q16836,PD
P05062,PD
P24941|P20248,PD
P08697,PD
P16403,PD
O15144,PD
Q13620,PD
Q53GG5,ALS
P07451,ALS
P45379,ALS
Q13508,ALS
Q9Y235,ALS
P54296,ALS
P48788,ALS
Q96A32,ALS
O60662,ALS
O14558,ALS
P35609,ALS
P14649,ALS
Q00872,ALS
P58335,ALS
Q9HBL6,ALS
Q68J44,ALS
Q8TE54,ALS
P06732,ALS
P12277|P06732,ALS
P20807,ALS
Q96B86,ALS
P05452,ALS
O60760,ALS
P08590,ALS
Q8IVN3,ALS
Q6ZMU5,ALS
P06756|P05106,ALS
Q9NQ79,ALS
P10092,ALS
Q2UY09,ALS
Q14324,ALS
Q9Y281,ALS
P59282,ALS
Q9H6X2,ALS
P25189,ALS
Q9Y5I4,ALS
P35443,ALS
O14793,ALS
Q9BRK3,ALS
P50461,ALS
O15075,ALS
P49747,ALS
Q6ZVN8,ALS
Q9UKX5|P05556,ALS
O60330,ALS
Q9H0B8,ALS
Q99972,ALS
Q96QC0,ALS
O15335,ALS
Q9NNX6,ALS
Q6B8I1,ALS
Q9HDB5,ALS
Q96KQ7,ALS
Q6UWJ8,ALS
Q8WZ42,ALS
P24043|P07942|P11047,ALS
Q9UJA9,ALS
O95390|O14793,ALS
P01034,ALS
P02792,ALS
P50895,ALS
P02794|P02792,ALS
Q16853,ALS
P14780,ALS
P06396,ALS
Q9HCU0,ALS
P18850,ALS
Q8WY91,ALS
P67809,ALS
Q8IZS8,ALS
Q9HAV5,ALS
P24593,ALS
O75094,ALS
Q12906,ALS
Q9Y508,ALS
Q03167,ALS
P14210,ALS
P08397,ALS
P22304,ALS
P13942,ALS
P58062,ALS
P06756|P18084,ALS
P49755,ALS
Q99542,ALS
Q5VTT5,ALS
